epoch,acc,loss,mean_absolute_error,top_k_categorical_accuracy,val_acc,val_loss,val_mean_absolute_error,val_top_k_categorical_accuracy
0,0.1202,2.49655394878,0.0180488989979,0.5354,0.1104,2.3906327301,0.0179191221416,0.5128
1,0.2629,2.02631346874,0.0166955419466,0.7641,0.1236,2.55584309387,0.0178035377532,0.5228
2,0.2991,1.94766574593,0.0162522517905,0.7992,0.126,2.59517231674,0.0177493045241,0.5336
3,0.3299,1.87842119465,0.0158935422912,0.8213,0.1236,2.6490808754,0.017764320308,0.5368
