epoch,loss,out_caps_acc,out_caps_loss,out_recon_loss,val_loss,val_out_caps_acc,val_out_caps_loss,val_out_recon_loss
0,0.560361942848,0.161166666667,0.538557868004,0.0556226408184,0.587722567558,0.132,0.565201139927,0.0574526312351
1,0.522563516378,0.221333333333,0.502149875085,0.0520756152272,0.587220665932,0.131,0.564572153091,0.0577768210471
