epoch,acc,loss,mean_absolute_error,top_k_categorical_accuracy,val_acc,val_loss,val_mean_absolute_error,val_top_k_categorical_accuracy
0,0.10000000149,4.60517072678,0.0198000017554,1.0,0.10000000149,4.60337018967,0.0197996273637,1.0
1,0.10000000149,4.60337018967,0.0197996273637,1.0,0.10000000149,4.60175180435,0.0197993144393,1.0
2,0.10000000149,4.60175180435,0.0197993144393,1.0,0.10000000149,4.60029459,0.0197990313172,1.0
3,0.10000000149,4.60029459,0.0197990313172,1.0,0.10000000149,4.59898328781,0.0197987537831,1.0
4,0.10000000149,4.59898328781,0.0197987537831,1.0,0.10000000149,4.59780168533,0.0197985153645,1.0
5,0.10000000149,4.59780168533,0.0197985153645,1.0,0.10000000149,4.59674024582,0.0197983067483,1.0
6,0.10000000149,4.59674024582,0.0197983067483,1.0,0.10000000149,4.5957865715,0.0197981074452,1.0
7,0.10000000149,4.5957865715,0.0197981074452,1.0,0.10000000149,4.59492492676,0.0197979435325,1.0
